{
  "k": 0.4,
  "M0": 25,
  "cap": 0.4,
  "loyo_ll_with": -678.5339964739203,
  "loyo_ll_without": -685.9017193693194,
  "n": 585,
  "years": [
    2010,
    2012,
    2013,
    2014,
    2015,
    2016,
    2017,
    2018,
    2019,
    2021
  ],
  "fit_date": "2026-07-14"
}
