{
  "k": 0.85,
  "M0": 25,
  "cap": 1.2,
  "form": "tanh",
  "loyo_ll_with": -676.0965290022285,
  "loyo_ll_without": -685.9017193693194,
  "n": 585,
  "years": [
    2010,
    2012,
    2013,
    2014,
    2015,
    2016,
    2017,
    2018,
    2019,
    2021
  ],
  "fit_date": "2026-07-15"
}
